night,title,author,index_code
1,雪,中谷宇吉郎,1
2,ペガーナの神々,ロード・ダンセーニ,5
3,中国書畫話,長尾雨山,5
4,皇帝の新しい心,ロジャー・ペンローズ,2
5,火の誓い,河井寛次郎,5
6,辞書の世界史,ジョナサン・グリーン,8
7,神々の猿,ベンチョン・ユー,6
8,バベッジのコンピュータ,新戸雅章,1
9,新々百人一首,丸谷才一,5
10,内なる神,ルネ・デュボス,2
11,黙阿弥の明治維新,渡辺保,5
12,テスト氏,ポール・ヴァレリー,8
13,幻想の中世,ユルジス・バルトルシャイティス,3
14,クリオの顔,ハーバート・ノーマン,6
15,王と公,鈴木正幸編,6
16,夜間飛行,サン=テグジュペリ,5
17,定家明月記私抄,堀田善衛,5
18,科学と方法,アンリ・ポアンカレ,1
19,マリリン・モンローの真実,アンソニー・サマーズ,5
20,晶子曼陀羅,佐藤春夫,5
21,日々の泡,ボリス・ヴィアン,5
22,縞々学,川上紳一,2
23,崩壊概論,エミール・シオラン,3
24,耕衣自伝,永田耕衣,5
25,レオナルド・ダ・ヴィンチの手記,レオナルド・ダ・ヴィンチ,5
26,さらば愛しき女よ,レイモンド・チャンドラー,5
27,ウイルスの反乱,ロビン・マランツ・ヘニッグ,2
28,虚空遍歴,山本周五郎,5
29,レスボスの女王,ジャン・シャロン,5
30,日本のサブカルチャー,イアン・ビュルマ,7
31,銀の匙,中勘助,5
32,蒼ざめた馬,ロープシン,5
33,遺された黒板絵,ルドルフ・シュタイナー,5
34,超男性,アルフレッド・ジャリ,5
35,日本は俳句の国か,加藤郁乎,5
36,日本人と中国人,陳舜臣,7
37,集団語辞典,米川明彦編,8
38,遠い声・遠い部屋,トルーマン・カポーティ,5
39,フランスから,高田博厚,5
40,ドリアン・グレイの肖像,オスカー・ワイルド,5
41,アジア音楽史,柘植元一・植村幸生編,5
42,方丈記,鴨長明,6
43,日本・現代・美術,椹木野衣,5
44,きもの,幸田文,7
45,国家と犯罪,船戸与一,7
46,マルテの手記,ライナー・マリア・リルケ,5
47,魯山人書論,北大路魯山人・平野雅章編,5
48,動機の文法,ケネス・バーク,8
49,マイルス・デイビス自叙伝,マイルス・デイビス＆クインシー・トループ,5
50,時代考証事典,稲垣史生,8
51,内部観測,郡司ペギオ幸夫／松野孝一郎／オットー・レスラー,2
52,淀川長治自伝,淀川長治,5
53,雪国,川端康成,5
54,近世数学史談,高木貞治,1
55,ドリトル先生アフリカゆき,ヒュー・ロフティング,5
56,闇の歴史,カルロ・ギンズブルグ,6
57,デュシャンは語る,マルセル・デュシャン＆ピエール・カバンヌ,5
58,絵のない絵本,ハンス・C・アンデルセン,5
59,華国風味,青木正児,6
60,陰翳礼讚,谷崎潤一郎,5
61,歴史主義の成立,フリードリッヒ・マイネッケ,6
62,ニューロマンサー,ウィリアム・ギブスン,5
63,重源,伊藤ていじ,6
64,城,フランツ・カフカ,5
65,神道とは何か,鎌田東二,6
66,生きて行く私,宇野千代,7
67,物理学とは何だろうか,朝永振一郎,1
68,青い鳥,モーリス・メーテルリンク,5
69,思想史の相貌,西部邁,3
70,グーテンベルクの銀河系,マーシャル・マクルーハン,8
71,ひかりごけ,武田泰淳,5
72,マリス博士の奇想天外な人生,キャリー・マリス,2
73,赤いろうそくと人魚,小川未明童話集より,5
74,マン・レイ,ニール・ボールドウィン,5
75,茶の本,岡倉天心,5
76,のり平のパーッといきましょう,三木のり平,7
77,風土の日本,オギュスタン・ベルク,3
78,ジャンヌ・ダルク,ジュール・ミシュレ,6
79,菊坂ホテル,上村一夫,7
80,時の声,Ｊ・Ｇ・バラード,5
81,ぼくは散歩と雑学がすき,植草甚一,8
82,円環の変貌,ジョルジュ・プーレ,3
83,自然界における左と右,マーティン・ガードナー,2
84,ある映画監督の生涯,新藤兼人,5
85,中世の文学,唐木順三,5
86,コロンビア大学／現代文学・文化批評用語辞典,ジョセフ・チルダーズ＆ゲーリー・ヘンツィ編,8
87,日本の歴史をよみなおす,網野善彦,6
88,ヴォーグで見たヴォーグ,グレース・ミラベラ,7
89,芸術的抵抗と挫折,吉本隆明,3
90,カメラ・オブスクラ年代記,ジョン・ハモンド,5
91,HAL伝説,デヴィッド・ストーク編集,1
92,デジタル・チルドレン,ドン・タプスコット,1
93,権藤成卿,滝沢誠,6
94,愛猿記,子母沢寛,2
95,町でいちばんの美女,チャールズ・ブコウスキー,5
96,印度六派哲学,木村泰賢,6
97,キャバレーの文化史,ハインツ・グロイル,5
98,和をもって日本となす,ロバート・ホワイティング,7
99,シュトックハウゼン音楽論集,カールハインツ・シュトックハウゼン,5
100,上方芸能列伝,澤田隆治,7
101,スーパーネイチュア,ライアル・ワトスン,2
102,父の時代・私の時代,堀内誠一,7
103,あいまい語辞典,芳賀綵・佐々木瑞枝・門倉正美,8
104,哲学ノート,レーニン,3
105,田宮模型の仕事,田宮俊作,1
106,Ｙの悲劇,エラリー・クイーン,5
107,カオス的脳観,津田一郎,2
108,絶対安全剃刀,高野文子,5
109,神風と悪党の世紀,海津一朗,6
110,華氏４５１度,レイ・ブラッドベリ,8
111,曲説フランス文学,渡辺一夫,5
112,ニッポン日記,マーク・ゲイン,6
113,外套,ニコライ・ゴーゴリ,5
114,日本文化総合年表,市古貞次・浅井清・久保田淳・篠原昭二・堤清二ほか編集,8
115,風俗の人たち,永沢光雄,7
116,中国山水画の誕生,マイケル・サリヴァン,5
117,奇巌城,モーリス・ルブラン,5
118,風姿花伝（花伝書）,世阿弥元清,5
119,カラー自然ガイド・鉱物,益富寿之助,1
120,明治の東京,馬場孤蝶,6
121,サルバドール・ダリが愛した二人の女,アマンダ・リア,5
122,俳人風狂列伝,石川桂郎,5
123,知覚の現象学,モーリス・メルロ=ポンティ,8
124,クラゲの正体,坂田明,2
125,嵐が丘,エミリー・ブロンテ,5
126,伴淳三郎・道化の涙,田山力哉,7
127,ポケモンの秘密,ポケモンビジネス研究会,7
128,ボドニ物語,田中正明,8
129,アジア的身体,梁石日,7
130,裏切られた革命,レフ・トロツキー,3
131,鹿鳴館の系譜,磯田光一,6
132,青い花,ノヴァーリス,5
133,直観幾何学,ダヴィッド・ヒルベルト＆コーン・フォッセン,1
134,明治女学校の世界,藤田美実,6
135,電話帳の社会史,田村紀雄,1
136,尾崎豊・覚え書き,須藤晃,7
137,耽美小説・ゲイ文学ブックガイド,柿瑛子・栗原知代 編著,5
138,文体練習,レイモン・クノー,8
139,瓢鮎図,島尾新,5
140,かたちと力,ルネ・ユイグ,2
141,中空構造日本の深層,河合隼雄,6
142,フェリーニ・オン・フェリーニ,コスタンツォ・コスタンティーニ編,5
143,死者の書,折口信夫,5
144,日本のマッチラベル,三好一,7
145,マダム・エドワルダ,ジョルジュ・バタイユ,5
146,椅子がこわい,夏樹静子,2
147,トナカイ月,エリザベス・Ｍ・トーマス,5
148,ちょっとピンぼけ,ロバート・キャパ,5
149,デジタル日本人,高城剛,1
150,大手拓次詩集,大手拓次,5
151,経済の文明史,カール・ポランニー,4
152,やくざと日本人,猪野健治,7
153,ブリキの太鼓,ギュンター・グラス,5
154,父の帽子,森茉莉,7
155,ジーキル博士とハイド氏,ロバート・スティーブンソン,5
156,本覚坊遺文,井上靖,5
157,マッハ力学,エルンスト・マッハ,1
158,和漢朗詠集,藤原公任撰,5
159,こどもたちに語るポストモダン,ジャン=フランソワ・リオタール,3
160,印度放浪,藤原新也,5
161,ロリータ,ウラジミール・ナボコフ,5
162,折りたく柴の記,新井白石,6
163,死の蔵書,ジョン・ダニング,8
164,基本手筋事典,藤沢秀行,8
165,絶望の精神史,金子光晴,6
166,マイケル・ジョーダン物語,ボブ・グリーン,7
167,銀河の世界,エドウィン・ハッブル,1
168,機械と神,リン・ホワイト,1
169,吉原御免状,隆慶一郎,5
170,芸談あばらかべっそん,桂文楽,5
171,牧野植物図鑑の謎,俵浩三,2
172,鏡の背面,コンラッド・ローレンツ,2
173,月島物語,四方田犬彦,7
174,クムラン,エリエット・アベカシス,6
175,実験医学序説,クロード・ベルナール,2
176,ボクはこんなことを考えている,大槻ケンヂ,7
177,ラスト・オブ・イングランド,デレク・ジャーマン,5
178,シャボテン幻想,龍膽寺雄,2
179,スイミー,レオ・レオーニ,5
180,百科全書,ディドロ＆ダランベール,3
181,マリコ,柳田邦男,5
182,三分間の詐欺師,佐々木徹雄,7
183,教説と手紙,エピクロス,3
184,ニッポンマンガ論,フレデリック・ショット,5
185,神秘学序説,高橋巌,3
186,ゼッフィレッリ自伝,フランコ・ゼッフィレッリ,5
187,夢中問答集,夢窓疎石,3
188,中国の赤い星,エドガー・スノー,6
189,少女時代,フランソワーズ・ドルト,2
190,ウェブ・ユーザビリティ,ヤコブ・ニールセン,1
191,コルシア書店の仲間たち,須賀敦子,8
192,ホーキング、宇宙を語る,スティーブン・ホーキング,1
193,平田俊子詩集,平田俊子,5
194,伊藤晴雨自画自伝,伊藤晴雨,5
195,ペンギン大百科,トニー・ウィリアムズほか,2
196,夜明け前,島崎藤村,5
197,魔女の１ダース,米原万里,8
198,見仏記,いとうせいこう・みうらじゅん,7
199,大衆の反逆,オルテガ・イ・ガセット,3
200,生命の塵,クリスチャン・ド・デューブ,2
201,Ｊ－ＰＯＰ進化論,佐藤良明,7
202,ゲバラ日記,エルネスト・チェ・ゲバラ,7
203,後鳥羽院,保田與重郎,6
204,カリカチュアの歴史,トーマス・ライト,5
205,中国の漢字問題,蘇培成・尹文武傭編,8
206,浮雲,二葉亭四迷,5
207,意識の中心,ジョン・Ｃ・リリー,3
208,駄菓子屋図鑑,奥成達,7
209,パンダの親指,スティーブン・ジェイ・グールド,2
210,美術建築師・菅原栄蔵,菅原定三,5
211,ホメオスタシスの謎,加藤勝,2
212,シェイクスピア・アンド・カンパニイ書店,シルヴィア・ビーチ,8
213,かくれた次元,エドワード・ホール,8
214,犬と私,江藤淳,2
215,日本の伝統,岡本太郎,5
216,ロックの伝導者,ミュージック・ライフ編,7
217,胎児の世界,三木成夫,2
218,２４人のビリー・ミリガン,ダニエル・キイス,2
219,英単語記憶術,岩田一男,8
220,部分と全体,ウェルナー・ハイゼンベルク,1
221,美しき日本の残像,アレックス・カー,7
222,イエズス会,フィリップ・レクリヴァン,6
223,日々の絶筆,井上有一,5
224,ジプシー,ジュール・ブロック,6
225,日本文明と近代西洋,川勝平太,7
226,死都ブリュージュ,ジョルジュ・ローデンバッハ,5
227,アウトブリード,保坂和志,8
228,まねる,川瀬武彦,1
229,ブルネッレスキ,ジュリオ・カルロ・アルガン,5
230,エスケープ・ヴェロシティ,マーク・デリー,1
231,あの人この人,戸板康二,5
232,カンタベリ物語,ジェフレイ・チョーサー,8
233,義理と人情,源了圓,6
234,ボッコちゃん,星新一,5
235,ベルサーチを殺った男,ウェンズレー・クラークソン,7
236,巻菱湖伝,春名好重,5
237,ペーパーバック大全,ピート・スフリューデルス,8
238,黒い雨,井伏鱒二,5
239,忘れられた日本人,宮本常一,6
240,朝倉文夫の青春,堀正三,5
241,薔薇の名前,ウンベルト・エーコ,5
242,犬のことば辞典,きたやまようこ,2
243,ムーン・パレス,ポール・オースター,5
244,笑うカイチュウ,藤田紘一郎,2
245,レイン・わが半生,Ｒ・Ｄ・レイン,2
246,オバタリアン,堀田かつひこ,7
247,蝸牛庵訪問記,小林勇,5
248,パンディモニアム,ハンフリー・ジェニングズ,3
249,世界毒舌大辞典,ジェローム・デュアメル,8
250,代表的日本人,内村鑑三,3
251,歴史哲学,ヴォルテール,6
252,狭い谷・黒い山,Ｃ・Ｗ・ツェーラム,6
253,アート・キッチュ・ジャパネスク,井上章一,7
254,無意識の意思の国アメリカ,薬師寺泰蔵,7
255,ゲルマン人の神々,ジョルジュ・デュメジル,6
256,放浪記,林芙美子,5
257,円の誕生,三上隆三,4
258,重力と恩寵,シモーヌ・ヴェイユ,3
259,赤光,斎藤茂吉,5
260,オーデン・わが読書,ウィスタン・オーデン,8
261,メソポタミア,ジャン・ボテロ,6
262,眼の哲学・利休伝ノート,青山二郎,5
263,気分の本質,オットー・ボルノウ,3
264,キムチとお新香,金両基,7
265,レベッカ,ダフネ・デュ・モーリア,5
266,ガンジー自伝,マハトマ・ガンジー,6
267,日本人の法意識,川島武宜,7
268,歌の本,ハインリッヒ・ハイネ,5
269,ある文人歴史家の軌跡,西山松之助,7
270,蜘蛛女のキス,マヌエル・プイグ,5
271,俺の考え,本田宗一郎,4
272,日本の名著・近代の思想,桑原武夫編,6
273,戦争論,カール・フォン・クラウゼヴィッツ,6
274,暗殺者,ロバート・ラドラム,5
275,禅への鍵,ティク・ナット・ハン,3
276,きものと心,武内俊子,7
277,虫の惑星,ハワード・エヴァンズ,2
278,回想録,テネシー・ウィリアムズ,5
279,速記と情報社会,兼子次生,8
280,開高健 青春の闇,向井敏,7
281,七つの資本主義,ハムデンターナー＆トロペンナールス,4
282,ヨーロッパの歴史的図書館,ヴィンフリート・レーシュブルク,8
283,日本の飛行機王・中島知久平,渡部一英,6
284,ご冗談でしょう、ファインマンさん,リチャード・ファインマン,1
285,和泉式部日記,和泉式部,5
286,ゴジラ生物学序説,サーフライダー21編,2
287,ボヴァリー夫人,ギュスターヴ・フローベール,5
288,秀十郎夜話,千谷道雄,5
289,砂の器,松本清張,5
290,ろくでもない生活,Ｐ・Ｊ・オローク,7
291,形而上学,アリストテレス,3
292,夢二のアメリカ,袖井林二郎,7
293,赤いおんどり,ミオドラーク・ブラトーヴィッチ,5
294,謎の神代文字,佐治芳彦,8
295,二重らせんの私,柳澤桂子,2
296,ルネサンス博物問答,ベルナール・パリシー,5
297,ハリウッド脚本術,ニール・Ｄ・ヒックス,8
298,春日井建歌集,春日井建,5
299,イメージの歴史,若桑みどり,3
300,白鯨,ハーマン・メルヴィル,5
301,一の糸,有吉佐和子,5
302,エロス的文明,ハーバート・マルクーゼ,3
303,下等百科辞典,尾佐竹猛,7
304,乱の王女,生島治郎,6
305,イスラーム経済論,ムハンマド・バーキルッ＝サドル,4
306,デジタル・ストーリーテリング,ジャネット・マレー,8
307,説経節,荒木繁･山本吉左右編注,5
308,形の冒険,ランスロット・ロウ・ホワイト,2
309,古代憧憬と機械信仰,ホルスト・ブレーデカンプ,1
310,反骨の系譜,青地晨,6
311,理科年表を楽しむ本,上西一郎,1
312,サラダ記念日,俵万智,5
313,神の生物学,アリスター・ハーディ,2
314,オブジェ焼き,八木一夫,5
315,わたしの渡世日記,高峰秀子,7
316,魔の山,トーマス・マン,5
317,悲しき熱帯,レヴィ＝ストロース,3
318,メイプルソープ,パトリシア・モリズロー,5
319,日本外史,頼山陽,6
320,美の本体,岸田劉生,5
321,夏と花火と私の死体,乙一,5
322,裸のサル,デズモンド・モリス,2
323,横浜富貴楼お倉,鳥居民,6
324,ガリヴァ旅行記,ジョナサン・スウィフト,5
325,おどりの美学,郡司正勝,5
326,人間というこわれやすい種,ルイス・トマス,2
327,吉田茂とその時代,ジョン・ダワー,6
328,北風とぬりえ,谷内六郎,5
329,忘れられた名文たち,鴨下信一,8
330,山頭火句集,種田山頭火,5
331,長江文明の発見,徐朝龍,6
332,月と六ペンス,サマセット・モーム,5
333,アンチキリスト,パーナード・マッギン,6
334,鳥の歌,パブロ・カザルス,5
335,天工開物,宋應星,3
336,思想のドラマトゥルギー,林達夫・久野収,3
337,赤と黒,スタンダール,5
338,氷川清話,勝海舟,6
339,漂着物事典,石井忠,1
340,ギンズバーグ詩集,アレン・ギンズバーグ,5
341,人間の条件,ハンナ・アレント,3
342,時代の未明から来たるべきものへ,間章,5
343,私というひとり,篠田桃紅,5
344,読みなおし日本文学史,高橋睦郎,5
345,諸原理について,オリゲネス,3
346,泥棒日記,ジャン・ジュネ,5
347,書斎,アンドルー・ラング,8
348,日本の星,野尻抱影,1
349,物質と光,ルイ・ドゥ・ブロイ,1
350,ＴＵＧＵＭＩ,吉本ばなな,5
351,山羊の歌,中原中也,5
352,柳生武芸帳,五味康祐,3
353,スペ－ドの女王 ベールキン物語,アレクサンドル・プーシキン,5
354,宇宙船地球号操縦マニュアル,バックミンスター・フラー,1
355,春鴬囀,岡崎清一郎,5
356,草庭,堀口捨己,5
357,千字文,周興嗣,8
358,現代思想としての環境問題,佐倉統,1
359,マリア,クラウス・シュライナー,6
360,存在の耐えられない軽さ,ミラン・クンデラ,5
361,李陵・弟子・名人伝,中島敦,5
362,小学生の俳句歳時記,金子兜太・あらきみほ,8
363,マルタの鷹,ダシール・ハメット,5
364,南国太平記,直木三十五,5
365,ガリア戦記,ユリウス・カエサル,6
366,意識の進化と神秘主義,セオドア・ローザク,3
367,徒然草,吉田兼好,6
368,エントロピーと秩序,ピーター・Ｗ・アトキンス,1
369,江戸っ子芸者一代記,中村喜春,5
370,蘭学事始,杉田玄白,2
371,日本の名匠,海音寺潮五郎,5
372,アウトサイダー,コリン・ウィルソン,6
373,テレーズ・デスケルウ,フランソワ・モーリアック,5
374,百姓の一筆,田中佳宏,7
375,長安の春,石田幹之助,6
376,ゾロアスター教,メアリー・ボイス,6
377,宇宙の神秘,ヨハネス・ケプラー,1
378,化城の昭和史,寺内大吉,6
379,大工道具の歴史,村松貞次郎,5
380,吸血鬼ドラキュラ,ブラム・ストーカー,5
381,身ぶりと言葉,アンドレ・ルロワ＝グーラン,8
382,日本アルプス,ウォルター・ウェストン,1
383,読書の歴史,アルベルト・マングェル,8
384,はみ出し者の進化論,奥井一満,2
385,剣禅話,山岡鉄舟,3
386,都林泉名勝図会,秋里籬島,5
387,からごころ,長谷川三千子,3
388,ルポライター事始,竹中労,7
389,十五少年漂流記,ジュール・ヴェルヌ,5
390,ドイツ国民に告ぐ,ヨハン・ゴットフリート・フィヒテ,6
391,沈黙の王,宮城谷昌光,8
392,マルローとの対話,竹本忠雄,5
393,楢山節考,深沢七郎,5
394,餃子ロード,甲斐大策,6
395,ロベルトは今夜,ピエール・クロソウスキー,5
396,フォーカスな人たち,井田真木子,7
397,歎異抄,親鸞・唯円,3
398,ユダヤ国家のパレスチナ人,デイヴィッド・グロスマン,7
399,省略の文学,外山滋比古,8
400,ドグラ・マグラ,夢野久作,5
401,文様の博物誌,吉田光邦,3
402,ダスト,チャールズ・ペレグリーノ,2
403,夫婦善哉,織田作之助,5
404,未来の記憶,エレナ・ガーロ,5
405,一年有半・続一年有半,中江兆民,6
406,煎茶への招待,小川後楽,5
407,デイヴィッド・コパフィールド,チャールズ・ディケンズ,5
408,日本語を書く部屋,リービ英雄,8
409,神道の成立,高取正男,6
410,蝿の王,ウィリアム・ゴールディング,5
411,セクハラ防止完全マニュアル,金子雅臣,7
412,文明論之概略,福澤諭吉,3
413,寺山修司全歌集,寺山修司,5
414,性の起源,リン・マーグリス＆ドリオン・セーガン,2
415,日本架空伝承人名事典,大隅和雄･西郷信綱ほか,6
416,東ゴート興亡史,松谷健二,6
417,世界劇場,フランセス・イエイツ,3
418,宇宙をぼくの手の上に,フレドリック・ブラウン,5
419,枕草子,清少納言,5
420,呪術師と私,カルロス・カスタネダ,3
421,カストリ時代,林忠彦,7
422,情報宇宙論,室井尚,1
423,鍋とランセット,イヴ＝マリ・ベルセ,2
424,尾崎翠全集,尾崎翠,5
425,正名と狂言,大室幹雄,3
426,フランダースの犬,ウィーダ,5
427,民藝四十年,柳宗悦,5
428,地球幼年期の終わり,アーサー・Ｃ・クラーク,5
429,ねじの回転,ヘンリー・ジェイムズ,5
430,虹色のトロツキー,安彦良和,6
431,小野小町論,黒岩涙香,6
432,消えゆく言語たち,ダニエル・ネトル＆スザンヌ・ロメイン,8
433,ペニスの文化史,マルク・ボナール＆ミシェル・シューマン,3
434,悉皆屋康吉,舟橋聖一,7
435,フェルマーの最終定理,サイモン・シン,1
436,シャドウ・ワーク,イヴァン・イリイチ,4
437,沖縄は歌の島,藤田正,5
438,水滸伝,楊定見・施耐庵・羅貫中,5
439,近代日本のデザイン文化史,榧野八束,5
440,ココ・シャネルの秘密,マルセル・ヘードリッヒ,7
441,湾岸戦争,ピエール・サリンジャー＆エリック・ローラン,7
442,綺想の饗宴,高山宏,3
443,五輪書,宮本武蔵,3
444,ピアノの誕生,西原稔,5
445,ミトラス教,マルタン・フェルマースレン,6
446,精神の生態学,グレゴリー・ベイトソン,8
447,雨月物語,上田秋成,5
448,昭和精神史,桶谷秀昭,6
449,アナーキー・国家・ユートピア,ロバート・ノージック,3
450,断腸亭日乗,永井荷風,5
451,正月の来た道,大林太良,6
452,心の社会,マーヴィン・ミンスキー,2
453,香水,パトリック・ジュースキント,5
454,井上井月伝説,江宮隆之,5
455,信長の親衛隊,谷口克広,6
456,V.,トマス・ピンチョン,5
457,日本の奇祭,合田一道,6
458,冬の紳士,大佛次郎,5
459,デジタル・マクルーハン,ポール・レヴィンソン,1
460,朱舜水,石原道博,6
461,脳と心の正体,ワイルダー・ペンフィールド,2
462,デザイナー誕生,水尾比呂志,5
463,ディートリッヒ自伝,マレーネ・ディートリッヒ,7
464,虫をたおすキノコ,吉見昭一,2
465,ライ麦畑でつかまえて,J.D.サリンジャー,5
466,梅,有岡利幸,2
467,電気システムとしての人体,久保田博南,2
468,アジアのなかの日本,飯塚浩二,6
469,禅とオートバイ修理技術,ロバート・パーシグ,3
470,精神病院の起源,小俣和一郎,2
471,無対象の世界,カジミール・マレーヴィチ,5
472,もう一つの修羅,花田清輝,5
473,大陸の細道,木山捷平,6
474,ヨーロッパのサロン,ヴェレーナ・ハイデン＝リンシュ,4
475,資本主義の文化的矛盾,ダニエル・ベル,4
476,科学が正しい理由,ロジャー・Ｇ・ニュートン,1
477,テンプル騎士団,レジーヌ・ペルヌー,6
478,鍼灸の世界,呉澤森,2
479,デミアン,ヘルマン・ヘッセ,5
480,月下の一群,堀口大學,5
481,歌舞伎以前,林屋辰三郎,5
482,ノスタルジアの社会学,フレッド・デーヴィス,3
483,いのちとかたち,山本健吉,3
484,ネコはどうしてわがままか,日高敏隆,2
485,檸檬,梶井基次郎,5
486,建築家なしの建築,バーナード・ルドフスキー,5
487,ヨブ記,旧約聖書,6
488,イラストレーション,ヒリス・ミラー,5
489,日本風景論,志賀重昂,3
490,花僧,澤田ふじ子,5
491,コーヒー・ハウス,小林章夫,4
492,世の初めから隠されていること,ルネ・ジラール,6
493,官僚国家の崩壊,ジョン・ラルストン・ソウル,7
494,日本花街史,明田鉄男,6
495,てりむくり,立岩二郎,5
496,フリーメーソン,リュック・ヌフォンテーヌ,6
497,日本近代美術史論,高階秀爾,5
498,イーディ,ジーン・スタイン＆ジョージ・プリンプトン,5
499,墨汁一滴,正岡子規,5
500,エクリ,アルベルト・ジャコメッティ,5
501,百代の過客,ドナルド・キーン,6
502,カルメンお美,矢野晶子,6
503,恋愛と贅沢と資本主義,ヴェルナー・ゾンバルト,4
504,考える／分類する,ジョルジュ・ペレック,8
505,日本画の精神,坂崎坦,5
506,花森安治の仕事,酒井寛,8
507,女生徒,太宰治,5
508,シャーロック・ホームズの記号論,トマス・シービオク＆ジーン・ユミカー＝シービオク,8
509,異邦人,アルベール・カミュ,5
510,文楽 芸と人,安藤鶴夫,5
511,偽史冒険世界,長山靖生,6
512,土佐日記,紀貫之,6
513,危険を冒して書く,ジェイソン・ワイス,8
514,私の國語教室,福田恆存,8
515,岩波文庫の赤帯を読む,門谷建蔵,8
516,ピノッキオの冒険,カルロ・コッローディ,5
517,ペンネームの由来事典,紀田順一郎,8
518,鷹の井戸,ウィリアム・バトラー・イエーツ,5
519,マルコムＸ自伝,マルコムＸ,7
520,武家文化と同朋衆,村井康彦,6
521,一般システム理論,ルートヴィッヒ・フォン・ベルタランフィ,1
522,キリストと大国主,中西進,6
523,センセイの鞄,川上弘美,5
524,日本人の世界地図,長田弘・高畠通敏・鶴見俊輔,3
525,板極道,棟方志功,5
526,ジョン・ランプリエールの辞書,ローレンス・ノーフォーク,8
527,アンドレイ・タルコフスキー,ピーター・グリーン,5
528,寒村自伝,荒畑寒村,6
529,グラモフォン フィルム タイプライター,フリードリヒ・キットラー,1
530,ああ正負の法則,美輪明宏,7
531,大工一代,平田雅哉,5
532,古代教会史,ノルベルト・ブロックス,6
533,フクロウの不思議な生活,クリス・ミード,2
534,砂の女,安部公房,5
535,人はなぜ話すのか,ロジャー・Ｃ・シャンク,8
536,せどり男爵数奇譚,梶山季之,8
537,ヒメの民俗学,宮田登,6
538,地球の長い午後,ブライアン・W・オールディス,5
539,日本グルメ語辞典,大岡玲,8
540,中世の説話,松原秀一,8
541,共感覚者の驚くべき日常,リチャード・Ｅ・シトーウィック,2
542,熊を殺すと雨が降る,遠藤ケイ,6
543,「間」の極意,太鼓持あらい,5
544,五十音図の話,馬渕和夫,8
545,知の考古学,ミシェル・フーコー,3
546,雨の念仏,宮城道雄,5
547,英国アール・ヌーヴォー・ブック,ジョン・ラッセル・テイラー,5
548,動物哲学,ジャン・バチスト・ド・ラマルク,2
549,博徒と自由民権,長谷川昇,6
550,臨済録,臨済義玄・慧然,3
551,原色の街・驟雨,吉行淳之介,5
552,伝奇集,ホルヘ・ルイス・ボルヘス,8
553,吉田松陰遺文集,吉田松陰,6
554,ニューウェーブ・マネジメント,金井壽宏,4
555,古ヨーロッパの神々,マリヤ・ギンブタス,6
556,植治の庭,尼崎博正編,5
557,歌謡曲は、死なない。,貴地久好・高橋秀樹,7
558,女の一生,ギイ・ド・モーパッサン,5
559,民法風土記,中川善之助,7
560,野獣死すべし,大薮春彦,7
561,ピナ・バウシュ　タンツテアターとともに,ライムント・ホーゲ,5
562,日本の幼稚園,上笙一郎・山崎朋子,7
563,フランケンシュタイン,メアリー・シェリー,5
564,忠誠と反逆,丸山真男,3
565,もう、きみには頼まない,城山三郎,7
566,パンとサーカス,パトリック・ブラントリンガー,6
567,誤植読本,高橋輝次編著,8
568,大空のサムライ,坂井三郎,6
569,花嫁人形,蕗谷虹児,5
570,わが相対性理論,アルバート・アインシュタイン,1
571,古語拾遺,斎部広成,6
572,コルヴォー男爵,河村錠一郎,5
573,シャルルマーニュ伝説,トマス・ブルフィンチ,6
574,レンズ汎神論,飯田鉄,5
575,人間中野正剛,緒方竹虎,6
576,引きこもり,塩倉裕,2
577,物語論辞典,ジェラルド・プリンス,8
578,あなたみたいな明治の女,群ようこ,6
579,怪しい日本語研究室,イアン・アーシー,8
580,アンナ・カレーニナ,レフ・トルストイ,5
581,開国,伊部英男,6
582,エスとの対話,ゲオルグ・グロデック＆野間俊一,2
583,草枕,夏目漱石,5
584,ガイアの時代,ジェームズ・ラヴロック,1
585,華日記,早坂暁,5
586,毛皮を着たヴィーナス,レオポルド・フォン・ザッヘル=マゾッホ,5
587,ゲームの大学,平林久和・赤尾晃一,1
588,我と汝・対話,マルティン・ブーバー,3
589,若山牧水歌集,若山喜志子選,5
590,品格と色気と哀愁と,森繁久弥,7
591,反少女の灰皿,矢川澄子,5
592,明六社の人びと,戸沢行夫,6
593,センス・オブ・ワンダー,レイチェル・カーソン,1
594,遅刻の誕生,橋本毅彦・栗山茂久編著,7
595,ゴッドファーザー伝説,ビル・ボナーノ,7
596,花月のコスモロジー,大峯顯,5
597,突囲表演,残雪,5
598,ニワトリとタマゴ,アントワーヌ・ダンシャン,2
599,パノラマ島奇談,江戸川乱歩,5
600,リア王,ウィリアム・シェイクスピア,5
601,日本の音,小泉文夫,8
602,クラクラ日記,坂口三千代,6
603,京ことばの知恵,河野仁昭,8
604,水晶,アーダルベルト・シュティフター,5
605,武士道,新渡戸稲造,3
606,なぜ、「あれ」が思い出せなくなるのか,ダニエル・Ｌ・シャクター,8
607,水墨画,矢代幸雄,5
608,暗黒の女神,ロバート・グレイヴズ,6
609,スローカーブを、もう一球,山際淳司,7
610,君主論,ニッコロ・マキアヴェリ,3
611,ハックルベリイ・フィンの冒険,マーク・トウェイン,5
612,読経の世界,清水眞澄,8
613,本の国の王様,リチャード・ブース,8
614,女形無限,中村雀右衛門,5
615,中国の伝統美学,李沢厚,5
616,白亜紀に夜がくる,ジェームズ・パウエル,2
617,ベルゼバブの孫への話,ゲオルギー・I・グルジェフ,3
618,好色一代男,井原西鶴,5
619,乾電池あそび,実野恒久,1
620,ピューリタン,大木英夫,6
621,ポーの一族,萩尾望都,5
622,ヒトはいつから人間になったか,リチャード・リーキー,2
623,バレエの魔力,鈴木晶,5
624,愚管抄,慈円,6
625,内なるミューズ,ヨン＝ロアル・ビョルクヴォル,8
626,アジア史概説,宮崎市定,6
627,短歌一生,上田三四二,5
628,緋色の研究,コナン・ドイル,5
629,湛山回想,石橋湛山,6
630,人生ではじめて出会う絵本100,横山真佐子ほか編,8
631,カストラート,アンドレ・コルビオ,5
632,クーデンホーフ光子の手記,クーデンホーフ光子,6
633,新・日本名刀100選,佐藤寒山,5
634,ナジャ,アンドレ・ブルトン,5
635,浦島太郎の文学史,三浦佑之,6
636,自然学の提唱,今西錦司,2
637,存在の大いなる連鎖,アーサー・O・ラヴジョイ,3
638,たけくらべ,樋口一葉,5
639,消費社会の神話と構造,ジャン・ボードリヤール,4
640,カラスは偉い,佐々木洋,2
641,風立ちぬ,堀辰雄,5
642,話術,徳川夢声,5
643,第一次世界大戦,リデル・ハート,6
644,文房清玩,中田勇次郎,5
645,アーミッシュ,菅原千代志,7
646,狂言のことだま,山本東次郎,5
647,ミーム・マシーンとしての私,スーザン・ブラックモア,2
648,暗黒日記,清沢洌,6
649,北回帰線,ヘンリー・ミラー,5
650,小さき者へ,有島武郎,5
651,四国遍路,川端龍子,5
652,革命的ロマン主義,アンリ・ルフェーブル,3
653,日本の耳,小倉朗,8
654,幻想の感染,スラヴォイ・ジジェク,3
655,武蔵野,国木田独歩,5
656,聖なる女,田中貴子,6
657,オイディプス王,ソポクレス,5
658,三大陸周遊記,イブン・バットゥータ,6
659,天然まんが家,本宮ひろ志,5
660,俳句と地球物理,寺田寅彦,1
661,やおい幻論,榊原史保美,7
662,数字で読む日本人 2002,溝江昌吾,7
663,孤独な散歩者の夢想,ジャン・ジャック・ルソー,3
664,オリエント急行殺人事件,アガサ・クリスティ,5
665,青猫,萩原朔太郎,5
666,声の文化と文字の文化,ウォルター・オング,8
667,タリバン,田中宇,7
668,アマテラスの変貌,佐藤弘夫,6
669,三絃の誘惑,樋口覚,5
670,数学と自然科学の哲学,ヘルマン・ワイル,1
671,情報学の基礎,米山優,1
672,気まぐれ美術館,洲之内徹,5
673,おとぎ話が神話になるとき,ジャック・ザイプス,8
674,五番町夕霧楼,水上勉,5
675,キャラメルの値段,市橋芳則,7
676,整体入門,野口晴哉,2
677,伽藍とバザール,エリック・レイモンド,1
678,ビーダーマイヤー時代,マックス・フォン・ベーン,6
679,オフサイドはなぜ反則か,中村敏雄,7
680,マルドロールの歌,ロートレアモン,5
681,華厳経,高銀,3
682,女たちよ！,伊丹十三,7
683,文明のなかの博物学,西村三郎,3
684,天才と分裂病の進化論,デイヴィッド・ホロビン,2
685,アレゴリーとシンボル,ルドルフ・ウィトカウアー,3
686,和魂洋才の系譜,平川祐弘,6
687,宇宙創造とダークマター,マイケル・リオーダン＆ディヴィッド・シュラム,1
688,大菩薩峠,中里介山,5
689,「いき」の構造,九鬼周造,3
690,イリュミナシオン,アルチュール・ランボオ,5
691,大人たちの失敗,櫻井よしこ,7
692,記憶の茂み,斎藤史,5
693,歴史のアウトサイダー,ベルント・レック,6
694,ゑびすの旅,大江時雄,6
695,反解釈,スーザン・ソンタグ,3
696,喜劇の殿様,高野正雄,5
697,ケンペルと徳川綱吉,ベアトリス・ボダルト=ベイリー,6
698,薔薇十字団,クリストファー・マッキントッシュ,6
699,私が生まれた日,池波正太郎,7
700,野口雨情詩集,野口雨情,5
701,細胞のコミュニケーション,木下清一郎,2
702,エゴン・シーレ,フランク・ウィットフォード,5
703,盆栽の社会学,池井望,5
704,千の顔をもつ英雄,ジョセフ・キャンベル,8
705,現代が受けている挑戦,アーノルド・トインビー,7
706,番と衆,福田アジオ,6
707,居酒屋,エミール・ゾラ,5
708,亜細亜新幹線,前間孝則,6
709,読みなおす一冊,朝日新聞学芸部編,8
710,パンソリ,申在孝,5
711,ありそうもないこと,イヴ・ボヌフォワ,8
712,宮武外骨,吉野孝雄,8
713,脳とクオリア,茂木健一郎,2
714,テクストの快楽,ロラン・バルト,8
715,日本人の鳴き声,中野純,8
716,阿Ｑ正伝,魯迅,5
717,本を書く,アニー・ディラード,8
718,全国アホバカ分布考,松本修,8
719,コモンズ,ローレンス・レッシグ,1
720,第一次文明戦争,マフディ・エルマンジュラ,7
721,江戸の想像力,田中優子,6
722,改造社と山本実彦,松原一枝,8
723,長靴をはいた猫,シャルル・ペロー,5
724,右翼の林檎,犬塚彰,3
725,くっすん大黒,町田康,5
726,荘子,荘子,3
727,ブックストア,リン・ティルマン,8
728,さび,復本一郎,5
729,オークションの社会史,ブライアン・リアマウント,4
730,伊東忠太動物園,伊東忠太・藤森照信・増田彰久,5
731,夜船閑話,白隠,3
732,失われたムー大陸,ジェームズ・チャーチワード,1
733,三位一体論,アウグスティヌス,3
734,丹下左膳,林不忘,5
735,生物から見た世界,ヤーコプ・フォン・ユクスキュル,2
736,大杉栄自叙伝,大杉栄,6
737,和紙千年,高田宏,5
738,アメリカの「人道的」軍事主義,ノーム・チョムスキー,7
739,連歌の世界,伊地知鉄男,8
740,テレビ芸能職人,香取俊介・箱石桂子,7
741,婉という女,大原富枝,5
742,無心の歌・有心の歌,ウィリアム・ブレイク,5
743,渾斎随筆,會津八一,5
744,貝のミラクル,奥谷喬司編,2
745,アレキサンドリア四重奏,ロレンス・ダレル,5
746,うるしの話,松田権六,5
747,落下する夕方,江國香織,5
748,数学的思考,オスカー・ベッカー,1
749,ドイツ青年運動,ウォルター・ラカー,6
750,三教指帰・性霊集,空海,3
751,イルカと墜落,沢木耕太郎,7
752,棚の思想,小川道明,8
753,山家集,西行,5
754,拳の文化史,セップ・リンハルト,8
755,枯木灘,中上健次,5
756,ゲシュタルトクライス,ヴィクトール・フォン・ヴァイツゼッカー,8
757,草木虫魚の人類学,岩田慶治,2
758,阿部一族,森鴎外,5
759,夜学,上田利男,8
760,もう一つの宇宙,フレッド・アラン・ウルフ,1
761,伝統演劇の発想,武智鉄二,5
762,パンセ,ブレーズ・パスカル,3
763,男が女になる病気,植島啓司,3
764,情報とエネルギーの人間科学,ジャック・アタリ,1
765,百年の孤独,ガルシア・マルケス,5
766,文化の仕掛人,秋山邦晴・小野田勇・村上紀史郎ほか,7
767,一茶俳句集,小林一茶,5
768,不思議の国のトムキンス,ジョージ・ガモフ,1
769,巨怪伝,佐野眞一,4
770,背に腹はかえられるか,石原勝敏,2
771,新内的,平岡正明,5
772,ホモ・ルーデンス,ヨハン・ホイジンガ,3
773,悪の華,シャルル・ボードレール,5
774,単一民族神話の起源,小熊英二,6
775,角川類語新辞典,大野晋・浜西正人,8
776,天才セッター中田久美の頭脳,二宮清純,7
777,王法と仏法,黒田俊雄,6
778,建築書,ウィトルーウィウス,5
779,はじめちょろちょろなかぱっぱ,高柳蕗子,8
780,三葉虫の謎,リチャード・フォーティ,2
781,狂王ルートヴィヒ,ジャン・デ・カール,3
782,インテリアと日本人,内田繁,5
783,女性状無意識,小谷真理,3
784,雑談の夜明け,西脇順三郎,5
785,世界樹木神話,ジャック・ブロス,5
786,素顔のイサム・ノグチ,田中一光 [構成],5
787,円朝,小島政二郎,5
788,金色の老人と喪服の時計,ジャック・プレヴェール,5
789,経済学・哲学草稿,カール・マルクス,4
790,拡張された次元,坂根厳夫,5
791,襖,むしゃこうじ・みのる,5
792,共通感覚論,中村雄二郎,3
793,黒い皮膚・白い仮面,フランツ・ファノン,7
794,ナンシー・キュナード,アン・チザム,7
795,お月さまいくつ,金関丈夫,6
796,現人神の創作者たち,山本七平,6
797,あいづち・つなぎ語辞典,Ｗ・Ｊ・ボール,8
798,笑いと異装,飯島吉晴,5
799,国家,プラトン,3
800,AKIRA,大友克洋,5
801,風の王国,五木寛之,5
802,ゾウの耳はなぜ大きい？,クリス・レイヴァーズ,2
803,女のはないき・男のためいき,斎藤茂太,7
804,伝統の創造力,辻井喬,7
805,シンクロニシティ,デイヴィッド・ピート,2
806,天使突抜一丁目,通崎睦美,7
807,都鄙問答,石田梅岩,4
808,ハルビン学院と満洲国,芳地隆之,6
809,樹木学,ピーター・トーマス,2
810,走れ国定忠治,朝倉喬司,6
811,半生の記,藤沢周平,7
812,西王母と七夕伝承,小南一郎,6
813,「編集知」の世紀,寺田元一,8
814,キューブリック全書,デイヴィッド・ヒューズ,5
815,神皇正統記,北畠親房,6
816,共同－体（コルプス）,ジャン＝リュック・ナンシー,3
817,墨子,墨子,3
818,泡沫桀人列伝,秋山祐徳太子,5
819,倫敦！倫敦？,長谷川如是閑,6
820,インド仏教はなぜ亡んだか,保坂俊司,6
821,想像の共同体,ベネディクト・アンダーソン,3
822,裸のランチ,ウィリアム・バロウズ,5
823,葉隠,山本常朝,6
824,水素エコノミー,ジェレミー・リフキン,1
825,ボン書店の幻,内堀弘,8
826,頭巾かぶって五十年,吉田簑助,5
827,スタンド・バイ・ミー,スティーヴン・キング,5
828,創造的人間,湯川秀樹,1
829,兵法家伝書,柳生但馬守宗矩,3
830,心理学と錬金術,カール･グスタフ･ユング,2
831,紫苑物語,石川淳,5
832,国破レテ,村上兵衛,6
833,論理哲学論考,ルードヴィッヒ・ヴィトゲンシュタイン,3
834,鬼の日本史,沢史生,6
835,古寺巡礼,和辻哲郎,3
836,手術室の中へ,弓削孟文,2
837,童謡咄,立川談志,5
838,四運動の理論,シャルル・フーリエ,4
839,鬼龍院花子の生涯,宮尾登美子,5
840,波止場日記,エリック・ホッファー,3
841,名人に香車を引いた男,升田幸三,6
842,エチカ,バルーフ・スピノザ,3
843,経済の誕生,小松和彦・栗本慎一郎,4
844,第三の男,グレアム・グリーン,5
845,放送禁止歌,森達也,5
846,空の思想史,立川武蔵,3
847,鹽壷の匙,車谷長吉,5
848,ソリトン・非線形のふしぎ,渡辺慎介,1
849,乃木大将と日本人,スタンレー・ウォシュバン,6
850,蕪村全句集,与謝蕪村,5
851,ダダ宣言,トリスタン・ツァラ,5
852,南海ホークスがあったころ,永井良和・橋爪紳也,7
853,電気スケート,奈街三郎・茂田井武,5
854,システムの科学,ハーバート・サイモン,1
855,チャタレイ夫人の恋人,デイヴィッド・ロレンス,5
856,東ティモール独立史,松野明久,7
857,埋もれた巨像,上山春平,6
858,時代を創った編集者１０１,寺田博編,8
859,ロウソクの科学,マイケル・ファラデー,1
860,方法の問題,ジャン・ポール・サルトル,3
861,枯山水,重森三玲,5
862,月,アマール・アブダルハミード,5
863,考現学入門,今和次郎,7
864,相楽総三とその同志,長谷川伸,6
865,狭き門,アンドレ・ジッド,5
866,鼓動,大倉正之助,5
867,サイバネティックス,ノーバート・ウィーナー,1
868,吉原と島原,小野武雄,6
869,文化大革命と現代中国,安藤正士・太田勝洪・辻康吾,7
870,杏っ子,室生犀星,5
871,消失と透明化の時代,Ｏ・Ｂ・ハーディソン・ジュニア,1
872,陶淵明全集,陶淵明,5
873,堕落論,坂口安吾,3
874,新しい学,ジャンバッティスタ・ヴィーコ,3
875,女は世界を救えるか,上野千鶴子,3
876,アリランの誕生,宮塚利雄,5
877,この国のなくしもの,野坂昭如,3
878,虚無の信仰,ロジェ＝ポル・ドロワ,6
879,一千一秒物語,稲垣足穂,5
880,エブドメロス,ジョルジュ・デ・キリコ,5
881,王権の海,千田稔,6
882,少年児雷也,杉浦茂,5
883,ヴァリス,フィリップ・Ｋ・ディック,5
884,津軽三味線ひとり旅,高橋竹山,5
885,維新への胎動,徳富蘇峰,6
886,エセー,ミシェル・ド・モンテーニュ,3
887,禅と日本文化,鈴木大拙,3
888,ビル・ゲイツの面接試験,ウィリアム・パウンドストーン,4
889,誰も書かなかった日本医師会,水野肇,2
890,芸術家Ｍのできるまで,森村泰昌,5
891,金色夜叉,尾崎紅葉,5
892,ぼくの伯父さんは、のんきな郵便屋さん,ジャック・タチ,5
893,かくれ里,白洲正子,5
894,メルメ・カション,富田仁,6
895,モーセと一神教,ジグムント・フロイト,6
896,幕末三舟伝,頭山満,6
897,千年王国の追求,ノーマン・コーン,6
898,建築における「日本的なもの」,磯崎新,5
899,斜線,ロジェ・カイヨワ,8
900,銀河鉄道の夜,宮沢賢治,5
901,死ぬことと生きること,土門拳,5
902,戦争とプロパガンダ,エドワード・サイード,7
903,メディアの理論,フレッド・イングリス,8
904,賭博と国家と男と女,竹内久美子,7
905,聖杯と剣,リーアン・アイスラー,3
906,武原はん一代,武原はん,5
907,「敗者」の精神史,山口昌男,7
908,パサージュ論,ヴァルター・ベンヤミン,3
909,確実性の終焉,イリヤ・プリゴジン,1
910,神仏習合,逵日出典,6
911,テレヴィジオン,ジャック・ラカン,3
912,白書,ジャン・コクトー,5
913,神曲,ダンテ・アリギエーリ,5
914,この国のかたち,司馬遼太郎,3
915,超薬アスピリン,平澤正夫,2
916,存在と時間,マルティン・ハイデガー,3
917,日本橋,泉鏡花,5
918,音と言葉,ウィルヘルム・フルトヴェングラー,5
919,アンビヴァレント・モダーンズ,ローレンス・オルソン,3
920,北越雪譜,鈴木牧之,6
921,ねじ式・紅い花,つげ義春,5
922,富永太郎詩集,富永太郎,5
923,冬の夜ひとりの旅人が,イタロ・カルヴィーノ,5
924,デザイナーは喧嘩師であれ,川崎和男,5
925,建礼門院右京大夫集,建礼門院右京大夫,5
926,ゲニウス・ロキ,クリスチャン・ノルベルグ＝シュルツ,5
927,狂雲集,一休宗純,3
928,イコノロジー研究,エルヴィン・パノフスキー,3
929,忍びの者,村山知義,5
930,インダクション,ホランド、ホリオーク、ニスベット、サガード,8
931,侏儒の言葉,芥川龍之介,5
932,不合理ゆえに吾信ず,埴谷雄高,3
933,新・手話辞典,手話コミュニケーション研究会,8
934,秀吉と利休,野上弥生子,6
935,失われた時を求めて,マルセル・プルースト,5
936,神経政治学,ティモシー・リアリー,3
937,会社はこれからどうなるのか,岩井克人,4
938,吉井勇歌集,吉井勇,5
939,南方録,南坊宗啓,5
940,サンクチュアリ,ウィリアム・フォークナー,5
941,神もなく主人もなく,ダニエル・ゲラン編,3
942,日本改造法案大綱,北一輝,6
943,鈴木いづみコレクション,鈴木いづみ,7
944,リヴァイアサン,トマス・ホッブズ,3
945,百禁書,ニコラス・キャロライズ他,8
946,ユダヤ人とは誰か,アーサー・ケストラー,7
947,春宵十話,岡潔,1
948,絶え間なき交信の時代,ジェームズ・カッツ＆マーク・オークス編,1
949,東海道四谷怪談,鶴屋南北,5
950,カラマーゾフの兄弟,フョードル・ドストエフスキー,5
951,阿闍世コンプレックス,小此木啓吾・北山修 編,2
952,李白詩選,李白,5
953,未来のイヴ,ヴィリエ・ド・リラダン,5
954,南天堂,寺島珠雄,8
955,日本精神分析,柄谷行人,3
956,ナショナリズム,姜尚中,3
957,弓と竪琴,オクタヴィオ・パス,5
958,ザメンホフ,伊東三郎,8
959,知識の灯台,デレク・フラワー,8
960,野火,大岡昇平,5
961,戦艦大和ノ最期,吉田満,6
962,レ・ミゼラブル,ヴィクトル・ユゴー,5
963,半七捕物帳,岡本綺堂,5
964,本朝画人傳,村松梢風,5
965,クラフトワーク,パスカル・ビュッシー,7
966,骰子一擲,ステファヌ・マラルメ,5
967,とはずがたり,後深草院二条,5
968,うつろ舟,澁澤龍彦,5
969,解明される意識,ダニエル・デネット,2
970,ヴィルヘルム・マイスター,ヨハン・ヴォルフガング・ゲーテ,5
971,火の鳥,手塚治虫,5
972,ポオ全集,エドガー・アラン・ポオ,5
973,駱駝祥子,老舎,5
974,近松浄瑠璃集,近松門左衛門,5
975,東京セブンローズ,井上ひさし,8
976,病める舞姫,土方巽,5
977,砕け散るものの中の平和,アンリ・ミショー,5
978,ライト自伝,フランク・ロイド・ライト,5
979,対称性人類学,中沢新一,3
980,グレン・グールド著作集,グレン・グールド,5
981,かたち誕生,杉浦康平,3
982,世界大博物図鑑,荒俣宏,3
983,連環記,幸田露伴,5
984,バルテュス,クロード・ロワ,5
985,はにかみの国,石牟礼道子,5
986,免疫の意味論,多田富雄,2
987,漢字の世界,白川静,8
988,正法眼蔵,道元,3
989,産霊山秘録,半村良,5
990,さかしま,ジョリ・カルル・ユイスマンス,5
991,おくのほそ道,松尾芭蕉,5
992,本居宣長,小林秀雄,3
993,玄語,三浦梅園,3
994,ライプニッツ著作集,ウィルヘルム・ライプニッツ,3
995,過程と実在,アルフレッド・ノース・ホワイトヘッド,3
996,伝習録,王陽明,6
997,水戸イデオロギー,ヴィクター・コシュマン,6
998,南総里見八犬伝,滝沢馬琴,5
999,オデュッセイアー,ホメーロス,6
1000,良寛全集,良寛,5
1001,エレガントな宇宙,ブライアン・グリーン,1
1002,聖なる空間と時間,ミルチャ・エリアーデ,3
1003,鶴の眼,石田波郷,5
1004,池袋モンパルナス,宇佐美承,7
1005,虚数の情緒,吉田武,1
1006,魔都,久生十蘭,5
1007,クルト・ヴァイル,岩淵達治・早崎えりな,5
1008,仁斎・徂徠・宣長,吉川幸次郎,3
1009,確率の哲学的試論,ピエール・シモン・ラプラス,1
1010,イコノスタシス,阿木譲,5
1011,日本史の誕生,岡田英弘,6
1012,迷宮としての世界,グスタフ・ルネ・ホッケ,3
1013,細川ガラシャ夫人,三浦綾子,6
1014,エットーレ・ソットサス,ジャン・バーニー,5
1015,ノンちゃん 雲に乗る,石井桃子,5
1016,山の民・川の民,井上鋭夫,6
1017,近代日本のメディア・イベント,津金澤聰廣 編著,7
1018,書物の出現,リュシアン・フェーヴル＆アンリ=ジャン・マルタン,8
1019,新幾何学思想史,近藤洋逸,1
1020,レトリック,オリヴィエ・ルブール,8
1021,インド古代史,中村元,6
1022,絹と明察,三島由紀夫,5
1023,ツァラトストラかく語りき,フリードリッヒ・ニーチェ,3
1024,西洋の没落,オスヴァルト・シュペングラー,6
1025,清沢満之,藤田正勝・安富信哉,3
1026,母権制,ヨハン・ヤコプ・バハオーフェン,6
1027,カリガリからヒトラーへ,ジークフリート・クラカウアー,5
1028,恐怖の権力,ジュリア・クリステヴァ,3
1029,構成的権力,アントニオ・ネグリ,3
1030,伽藍が白かったとき,ル・コルビュジエ,5
1031,絵画の自意識,ヴィクトール・ストイキツァ,5
1032,古楽とは何か,ニコラウス・アーノンクール,5
1033,音、沈黙と測りあえるほどに,武満徹,5
1034,ベルニーニ,石鍋真澄,5
1035,造形思考,パウル・クレー,5
1036,日本の前衛絵画,中村義一,5
1037,日本の現代美術,菅原教夫,5
1038,秀吉の野望と誤算,笠谷和比古・黒田慶一,6
1039,〈意〉の文化と〈情〉の文化,王敏 編著,7
1040,聖少女,倉橋由美子,5
1041,東洋的無,久松真一,3
1042,暗黙知の次元,マイケル・ポランニー,3
1043,生命とは何か,エルヴィン・シュレディンガー,2
1044,鉱物学,森本信男・砂川一郎・都城秋穂,1
1045,近代画家論,ジョン・ラスキン,5
1046,後水尾院,熊倉功夫,6
1047,アメリカン・マインドの終焉,アラン・ブルーム,7
1048,北原白秋集,北原白秋,5
1049,日本文学史,小西甚一,5
1050,化石,井尻正二,1
1051,近代美人伝,長谷川時雨,6
1052,廃墟の歩き方,栗原亨,7
1053,吉田一穂大系,吉田一穂,5
1054,日本の絵本史,鳥越 信編,8
1055,銀座の米田屋洋服店,柴田和子,7
1056,ゼーロン・淡雪,牧野信一,5
1057,近代日本少年少女感情史考,北田耕也,5
1058,ゲーデル再考,ハオ・ワン,1
1059,自我と脳,カール・ポパー＆ジョン・エクルズ,8
1060,生命を捉えなおす,清水博,2
1061,時間の矢,リチャード・モリス,1
1062,ナチュラル・ウーマン,松浦理英子,5
1063,オートポイエーシス,ウンベルト・マトゥラーナ＆フランシスコ・ヴァレラ,2
1064,情報化爆弾,ポール・ヴィリリオ,1
1065,ハッカー宣言,マッケンジー・ワーク,1
1066,複雑性とパラドックス,ジョン・キャスティ,1
1067,ゴドーを待ちながら,サミュエル・ベケット,5
1068,美学入門,中井正一,5
1069,利己的な遺伝子,リチャード・ドーキンス,2
1070,闇の奥,ジョーゼフ・コンラッド,5
1071,天皇誕生,遠山美都男,6
1072,ネオテニー,アシュレイ・モンターギュ,2
1073,メス化する自然,デボラ・キャドバリー,2
1074,全体性と内蔵秩序,デヴィッド・ボーム,1
1075,ブログ,ダン・ギルモア,1
1076,自己組織化と進化の論理,スチュアート・カウフマン,2
1077,ゲーム理論を読みとく,竹田茂夫,1
1078,エイズ,畑中正一,2
1079,アフォーダンス,佐々木正人,8
1080,「国語」という思想,イ・ヨンスク,8
1081,イメージ連想の文化誌,山下主一郎,3
1082,アンチ・オイディプス,ジル・ドゥルーズ＆フェリックス・ガタリ,3
1083,文明の衝突,サミュエル・ハンチントン,7
1084,帝国的ナショナリズム,大澤真幸,7
1085,クレオール主義,今福龍太,3
1086,西田幾多郎哲学論集,西田幾多郎,3
1087,異神,山本ひろ子,6
1088,室町の王権,今谷明,6
1089,花鳥の使,尼ヶ崎彬,5
1090,徳川イデオロギー,ヘルマン・オームス,6
1091,幕末の天皇,藤田覚,6
1092,日本の失敗,松本健一,6
1093,八大山人,周士心,5
1094,フェルメール,アンソニー・ベイリー,5
1095,黒澤明と早坂文雄,西村雄一郎,5
1096,ジョージア・オキーフ,ローリー・ライル,5
1097,小村雪岱,星川清司,5
1098,ゴシック,アンリ・フォション,5
1099,ニジンスキーの手記,ヴァーツラフ・ニジンスキー,5
1100,型の日本文化,安田武,3
1101,モダンデザイン批判,柏木博,5
1102,コンセプチュアル・アート,トニー・ゴドフリー,5
1103,バイ・バイ・キップリング,ナム・ジュン・パイク,5
1104,建築的思考のゆくえ,内藤廣,5
1105,写真ノ話,荒木経惟,5
1106,未来派,キャロライン・ティズダル＆アンジェロ・ボッツォーラ,5
1107,負ける建築,隈研吾,5
1108,市場対国家,ダニエル・ヤーギン＆ジョゼフ・スタニスロー,4
1109,澄み透った闇,十文字美信,5
1110,昭和という時代,鈴木治雄対談集,7
1111,黒い花びら,村松友視,7
1112,田中清玄自伝,田中清玄・大須賀瑞夫,6
1113,江戸の市場経済,岡崎哲二,4
1114,猫と小石とディアギレフ,福原義春,4
1115,資本主義のハビトゥス,ピエール・ブルデュー,4
1116,江戸の身体を開く,タイモン・スクリーチ,6
1117,Ｔ．Ａ．Ｚ．,ハキム・ベイ,1
1118,ネット・ポリティックス,土屋大洋,7
1119,北条政子,永井路子,6
1120,女性の深層,エーリッヒ・ノイマン,3
1121,百物語,杉浦日向子,5
1122,ぼくの哲学,アンディ・ウォーホル,5
1123,笑いの経済学,木村政雄,7
1124,アヴァン・ポップ,ラリイ・マキャフリイ,5
1125,ボランティア,金子郁容,4
1126,インターネット資本論,スタン・デイビス＆クリストファー・マイヤー,4
1127,性的差異のエチカ,リュス・イリガライ,3
1128,江戸商売図絵,三谷一馬,4
1129,木村蒹葭堂のサロン,中村真一郎,4
1130,多文明共存時代の農業,高谷好一,7
1131,日本／権力構造の謎,カレル・ヴァン・ウォルフレン,7
1132,女帝の手記,里中満智子,6
1133,市場の書,ゲルト・ハルダッハ＆ユルゲン・シリング,4
1134,日本創業者列伝,加来耕三,4
1135,非常民の性民俗,赤松啓介,6
1136,悪徳の栄え,マルキ・ド・サド,5
1137,ゲイ文化の主役たち,ポール・ラッセル,7
1138,江戸の枕絵師,林美一,5
1139,カムイ伝,白土三平,5
1140,猿と女とサイボーグ,ダナ・ハラウェイ,3
1141,稲と鳥と太陽の道,萩原秀三郎,6
1142,日本人の自画像,加藤典洋,6
1143,異装のセクシャリティ,石井達朗,7
1144,海上の道,柳田国男,6
1145,海をわたる蝶,日浦勇,2
1146,インプロヴィゼーション,デレク・ベイリー,5
1147,鎮魂行法論,津城寛文,6
1148,一握の砂・悲しき玩具,石川啄木,5
1149,中国遊侠史,汪涌豪,6
1150,東京裁判,アーノルド・ブラックマン,6
1151,愛国者は信用できるか,鈴木邦男,3
1152,賃貸宇宙,都築響一,5
1153,青い麦,シドニー＝ガブリエル・コレット,5
1154,梁塵秘抄,西郷信綱,5
1155,おそめ,石井妙子,7
1156,芸術と貨幣,マーク・シェル,4
1157,九州水軍国家の興亡,武光誠,6
1158,イタリア的,ファビオ・ランベッリ,3
1159,I DESIGN（私デザイン）,石岡瑛子,5
1160,知恵の七柱,トマス・エドワード・ロレンス,6
1161,幻化,梅崎春生,5
1162,グーグル・アマゾン化する社会,森健,1
1163,松下政経塾とは何か,出井康博,4
1164,意志と表象としての世界,アルトゥール・ショーペンハウアー,3
1165,百人一書,鈴木史楼,5
1166,キリマンジャロの雪,アーネスト・ヘミングウェイ,5
1167,西郷隆盛語録,西郷隆盛,6
1168,三十三年の夢,宮崎滔天,6
1169,幼なごころ,ヴァレリー・ラルボー,5
1170,寄席末広亭,冨田均,5
1171,デザインの世紀,原弘,5
1172,イメージ・ファクトリー,ドナルド・リチー,7
1173,モル・フランダーズ,ダニエル・デフォー,5
1174,ヘンゼルとグレーテル,ヤーコプ・グリム＆ウィルヘルム・グリム,5
1175,無門関,無門慧開,3
1176,ワキから見る能世界,安田登,5
1177,ミトコンドリアと生きる,瀬名秀明・太田成男,2
1178,李賀詩選,李賀,5
1179,随筆泥仏堂日録,川喜田半泥子,5
1180,万物理論,ジョン・バロー,1
1181,ドン・キホーテ,ミゲル・デ・セルバンテス,5
1182,パース著作集,チャールズ・パース,8
1183,英語と英国と英国人,吉田健一,8
1184,現代俳句表記事典,水庭進編,8
1185,廃仏毀釈百年,佐伯恵達,6
1186,本棚の歴史,ヘンリー・ペトロスキー,8
1187,数学的にありえない,アダム・ファウアー,1
1188,｢縮み｣志向の日本人,李御寧（イー・オリョン）,7
1189,デカメロン,ジョヴァンニ・ボッカチオ,5
1190,国家神道,村上重良,6
1191,プロダクトデザインの思想,PDの思想委員会・三原昌平編,5
1192,DJバカ一代,高橋透,7
1193,黒御簾談話,杵屋佐之忠,5
1194,東洋思想と新しい世紀,後藤康男編,7
1195,コンテンツ・フューチャー,小寺信良・津田大介,1
1196,横井小楠,松浦玲,6
1197,寺山修司と生きて,田中未知,5
1198,童子問,伊藤仁斎,3
1199,初版 金枝篇,ジェームズ・フレイザー,3
1200,ヘルダーリン全集,フリードリッヒ・ヘルダーリン,5
1201,アナーキズム,浅羽通明,3
1202,地の果ての夢・タンジール,ミシェル・グリーン,5
1203,逝きし世の面影,渡辺京二,6
1204,虚数,スタニスワフ・レム,1
1205,儒教とは何か,加地伸行,6
1206,元始、女性は太陽であった,平塚らいてう,6
1207,ここが家だ,ベン・シャーン＆アーサー・ビナード,5
1208,,薔薇族,7
1209,物部氏の正体,関裕二,6
1210,日本学者フレデレック・Ｖ・ディキンズ,秋山勇造,6
1211,日本の思想文化,三枝博音,3
1212,時間と自由,アンリ・ベルクソン,3
1213,ドーダの近代史,鹿島茂,6
1214,司書,ゴットフリート・ロスト,8
1215,日本語に探る古代信仰,土橋寛,6
1216,新書３６５冊,宮崎哲弥,8
1217,絵画・写真・映画,ラスロー・モホリ＝ナギ,5
1218,大正の夢の設計家,加藤百合,5
1219,ささめごと・ひとりごと,心敬,5
1220,モンテ・クリスト伯,アレクサンドル・デュマ,5
1221,ターナー,ジャック・リンゼー,5
1222,オーレリア,ジェラール・ド・ネルヴァル,5
1223,帝王後醍醐,村松剛,6
1224,南北朝の動乱,村井章介編,6
1225,非線形科学,蔵本由紀,1
1226,宇宙の不思議,佐治晴夫,1
1227,神は多くの名前をもつ,ジョン・ヒック,3
1228,韓国の茶道文化,金明培（キム・ミョンベ）,5
1229,狩野亨吉の生涯,青江舜二郎,3
1230,一般システム思考入門,ジェラルド・ワインバーグ,8
1231,新しい太陽系,渡部潤一,1
1232,反米大陸,伊藤千尋,7
1233,脳と音読,川島隆太・安達忠夫,8
1234,わたしの名は紅,オルハン・パムク,5
1235,ヴィジュアル・アナロジー,バーバラ・スタフォード,3
1236,暗夜行路,志賀直哉,5
1237,コミュニティ,ジグムント・バウマン,3
1238,タングステンおじさん,オリヴァー・サックス,1
1239,選択本願念仏集,法然,3
1240,ポスト・メディア論,デリック・ドゥ・ケルコフ,1
1241,デカルトからベイトソンへ,モリス・バーマン,3
1242,複合化の世界,岡本秀穂,1
1243,グレート・スモーカー,祥伝社新書編集部,7
1244,桃太郎の母,石田英一郎,6
1245,日本文化史研究,内藤湖南,6
1246,百頭女,マックス・エルンスト,5
1247,かみなりさま,中西悟堂,1
1248,趣都の誕生,森川嘉一郎,7
1249,大乗とは何か,三枝充悳,6
1250,崇高と美の観念の起原,エドマンド・バーク,3
1251,現代日本のアニメ,スーザン・Ｊ・ネイピア,7
1252,守破離の思想,藤原稜三,3
1253,錯視芸術の巨匠たち,アル・セッケル,5
1254,物理学と神,池内了,1
1255,レンブラントと和紙,貴田庄,5
1256,世界の小国,田中義晧,7
1257,ミニマ・モラリア,テオドール・アドルノ,3
1258,月と農業,ハイロ・レストレポ・リベラ,2
1259,日本とはどういう国か,鷲田小彌太,7
1260,滝廉太郎,海老澤敏,5
1261,イリヤ・カバコフ自伝,イリヤ・カバコフ,5
1262,１９８５年,吉崎達彦,4
1263,やちまた,足立巻一,8
1264,墨絵の譜,小林忠,5
1265,ルー・ザロメ回想録,ルー・アンドレーアス・ザロメ,3
1266,明治人の教養,竹田篤司,3
1267,ホワイトヘッドの哲学,中村昇,3
1268,インドへの道,エドワード・モーガン・フォースター,5
1269,史上最大の発明：アルゴリズム,デイヴィッド・バーリンスキ,1
1270,星餐圖,塚本邦雄,5
1271,神と翁の民俗学,山折哲雄,6
1272,図説・小松崎茂ワールド,根本圭助,5
1273,ゲシュタルト心理学の原理,クルト・コフカ,8
1274,女装と日本人,三橋順子,7
1275,暴走する資本主義,ロバート・Ｂ・ライシュ,4
1276,海の帝国,白石隆,6
1277,変貌する民主主義,森政稔,7
1278,老子,老子,3
1279,小倉百人一首,平田澄子・新川雅明 編著,8
1280,忘れられた日本,ブルーノ・タウト,5
1281,マノン・レスコー,アベ・プレヴォー,5
1282,近代読者の成立,前田愛,8
1283,縄文人の文化力,小林達雄,6
1284,浅草弾左衛門,塩見鮮一郎,6
1285,資本主義はなぜ自壊したのか,中谷巌,4
1286,モノからモノが生まれる,ブルーノ・ムナーリ,5
1287,真珠夫人,菊池寛,5
1288,延喜式,虎尾俊雄,6
1289,エロスとタナトス,ノーマン・ブラウン,2
1290,神々の沈黙,ジュリアン・ジェインズ,2
1291,京の大工棟梁と七人の職人衆,笠井一子,5
1292,無名時代の私,文藝春秋編,7
1293,株式会社,ジョン・ミクルスウェイト＆エイドリアン・ウールドリッジ,4
1294,ビゴー日本素描集,清水勲編,6
1295,マグダラのマリア,岡田温司,6
1296,理解の秘密,リチャード・ワーマン,8
1297,本の本,斎藤美奈子,8
1298,俗戦国策,杉山茂丸,6
1299,出版状況クロニクル,小田光雄,8
1300,法華経,梵漢和対照・現代語訳,3
1301,ネルーダ回想録,パブロ・ネルーダ,5
1302,フィギュール,ジェラール・ジュネット,8
1303,境界の考古学,俵寛司,6
1304,セレンディピティの探求,澤泉重一・片井修,8
1305,無意識の脳・自己意識の脳,アントニオ・ダマシオ,2
1306,世阿弥を読む,観世寿夫,5
1307,メダカと日本人,岩松鷹司,2
1308,あしながおじさん,ジーン・ウェブスター,5
1309,風呂で読む漱石の漢詩,豊福健二,5
1310,人形記,佐々木幹郎／写真・大西成明,5
1311,デザインの自然学,ジョージ・ドーチ,2
1312,脳のなかの水分子,中田力,2
1313,弥勒信仰のアジア,菊地章太,6
1314,記憶術と書物,メアリー・カラザース,8
1315,槿（あさがお）,古井由吉,5
1316,毎日が夏休み,大島弓子,5
1317,スティグマの社会学,アーヴィング・ゴッフマン,3
1318,模倣の法則,ガブリエル・タルド,3
1319,コスメの時代,米澤泉,7
1320,書物の達人,池谷伊佐夫,8
1321,天の夕顔,中河与一,5
1322,常世論,谷川健一,6
1323,カルメン,プロスペル・メリメ,5
1324,スタンツェ,ジュルジュ・アガンベン,3
1325,森田療法,岩井寛,2
1326,本の現場,永江朗,8
1327,オキシトシン,シャスティン・モベリ,2
1328,世界×現在×文学　作家ファイル,越川芳明 ・沼野充義・野谷文昭・柴田元幸・野崎歓編,5
1329,正座と日本人,丁宗鐵,7
1330,たまたま,レナード・ムロディナウ,9
1331,ブラック・スワン,ナシーム・ニコラス・タレブ,9
1332,グローバル資本主義の危機,ジョージ・ソロス,9
1333,リスク,土方透 ／ アルミン・ナセヒ,9
1334,偶然を飼いならす,イアン・ハッキング,9
1335,偶然性と運命,木田元,9
1336,市場社会の思想史,間宮陽介,9
1337,市場・知識・自由,フリードリヒ・ハイエク,9
1338,資本主義と自由,ミルトン・フリードマン,9
1339,禁断の市場,ベノワ・マンデルブロ＆リチャード・ハドソン,9
1340,確率論的思考,田渕直也,9
1341,確率で言えば,ジョン・Ａ・パウロス,9
1342,なぜ金融リスク管理はうまくいかないのか,リカルド・レボネト,9
1343,予想どおりに不合理,ダン・アリエリー,9
1344,合理的な愚か者,アマルティア・セン,9
1345,リスクのモノサシ,中谷内一也,9
1346,リスクの正体！,山口浩,9
1347,現代社会のゆらぎとリスク,山口節郎,9
1348,リスク論のルーマン,小松丈晃,9
1349,社会システム理論,ニクラス・ルーマン,9
1350,偶然性・アイロニー・連帯,リチャード・ローティ,9
1351,意味に餓える社会,ノルベルト・ボルツ,9
1352,マッド・マネー,スーザン・ストレンジ,9
1353,反経済学,金子勝,9
1354,ＩＭＦ,大田英明,9
1355,経済幻想,エマニュエル・トッド,9
1356,新自由主義,デヴィッド・ハーヴェイ,9
1357,グローバリズムという妄想,ジョン・グレイ,9
1358,グローバリゼーション,マンフレッド・スティーガー,9
1359,フラット化する世界,トーマス・フリードマン,9
1360,グローバリゼーション 人類5万年のドラマ,ナヤン・チャンダ,9
1361,銃・病原菌・鉄,ジャレド・ダイアモンド,9
1362,１０万年の世界経済史,グレゴリー・クラーク,9
1363,物質文明・経済・資本主義,フェルナン・ブローデル,9
1364,史的システムとしての資本主義,イマニュエル・ウォーラーステイン,9
1365,長い２０世紀,ジョヴァンニ・アリギ,9
1366,アングロサクソン・モデルの本質,渡部亮,9
1367,マネーの進化史,ニーアル・ファーガソン,9
1368,図説 お金の歴史全書,ジョナサン・ウィリアムズ,9
1369,貨幣の哲学,ゲオルク・ジンメル,9
1370,貨幣とは何だろうか,今村仁司,9
1371,貨幣と象徴,吉沢英成,9
1372,貨幣論,ジョン・メイナード・ケインズ,9
1373,なにがケインズを復活させたのか？,ロバート・スキデルスキー,9
1374,金と魔術,ハンス・クリストフ・ビンスヴァンガー,9
1375,貨幣空間,仲正昌樹,9
1376,悪貨,島田雅彦,9
1377,モモ,ミヒャエル・エンデ,9
1378,エンデの遺言,河邑厚徳＋グループ現代,9
1379,自由地と自由貨幣による自然的経済秩序,シルビオ・ゲゼル,9
1380,地域･並行通貨の経済学,室田武,9
1381,通貨で読み解く世界経済,小林正宏・中林伸一,9
1382,マネーの意味論,ジェイムズ・バカン,9
1383,マネー,ベルナルド・リエター,9
1384,美術、市場、地域通貨をめぐって,白川昌生,9
1385,資本と言語,クリスティアン・マラッツィ,9
1386,ポスト新自由主義,山口二郎 編,9
1387,大反転する世界,ミシェル・ボー,9
1388,<反転>するグローバリゼーション,鈴木謙介,9
1389,オルター・グローバリゼーション,ジェームズ・ミッテルマン,9
1390,ポストフォーディズムの資本主義,パオロ・ヴィルノ,9
1391,アンチ資本主義宣言,アレックス・カリニコス,9
1392,新しい資本主義,原丈人,9
1393,ガンディーの経済学,アジット・K・ダースグプタ,9
1394,リオリエント,アンドレ・グンダー・フランク,9
1395,イスラム経済論,加藤博,9
1396,イスラーム文明史,ハミルトン・ギブ,9
1397,イスラームの歴史,ジョン・エスポジット編,9
1398,図説コーランの世界,大川玲子,9
1399,歴史序説,イブン=ハルドゥーン,9
1400,アラビアン・ナイト,前嶋信次・池田修［訳］,9
1401,完訳 東方見聞録,マルコ・ポーロ,9
1402,ヨーロッパ覇権以前,ジャネット・Ｌ・アブー＝ルゴド,9
1403,世界史の誕生とイスラーム,宮崎正勝,9
1404,遊牧民から見た世界史,杉山正明,9
1405,新版  活動期に入った地震列島,尾池和夫,10
1406,原発と地震,新潟日報社特別取材班,10
1407,新リア王,高村薫,10
1408,鎮魂詩四〇四人集,鈴木比佐雄・菊田守・長津功三良・山本十四尾編,10
1409,<弱さ>のちから,鷲田清一,10
1410,東日本大震災・日本人の再出発,文藝春秋５月特別号,10
1411,津波てんでんこ,山下文男,10
1412,東北学／忘れられた東北,赤坂憲雄,10
1413,蝦（えみし）夷,高橋崇,10
1414,東日本大震災,伊坂幸太郎・斎藤純・佐藤賢一・高橋克彦ほか,10
1415,征夷大将軍,高橋富雄,10
1416,平泉藤原氏,工藤雅樹,10
1417,北上幻想,森崎和江,10
1418,日本の深層,梅原猛,10
1419,平泉・衣川と京・福原,入間田宣夫編,10
1420,義経の東アジア,小島毅,10
1421,アーリア人,青木健,9
1422,アーリア神話,レオン・ポリアコフ,9
1423,黄禍論とは何か,ハインツ・ゴルヴィツァー,9
1424,スキタイと匈奴 遊牧の文明,林俊雄,9
1425,大月氏,小谷仲男,9
1426,融合する文明,羅宗真,9
1427,王義之◎六朝貴族の世界,吉川忠夫,9
1428,シルクロードの宗教,リチャード・Ｃ・フォルツ,9
1429,羅什,横超慧日・諏訪義純,9
1430,仏教の東伝と受容,沖本克巳・菅野博史　他,9
1431,シルクロードと唐帝国,森安孝夫,9
1432,被災の思想・難死の思想,小田実,10
1433,原発事故はなぜくりかえすのか,高木仁三郎,10
1434,原発・正力・ＣＩＡ,有馬哲夫,10
1435,東アジアの世界帝国,尾形勇,9
1436,隋唐の仏教と国家,礪波護,9
1437,老荘と仏教,森三樹三郎,9
1438,反核シスター,メアリー＝ルイーズ・エンゲルス,10
1439,ツナミの小形而上学,ジャン-ピエール・デュピュイ,10
1440,淮南子の思想,金谷治,9
1441,道教,福井康順・山崎宏・木村英一・酒井忠夫,9
1442,道教の生命観と身体観,葛兆光・堀池信夫・大形徹・沈恩明ほか,9
1443,気の思想,小野沢精一・福永光司・山井湧編,9
1444,神仙幻想,土屋昌明,9
1445,女のタオイスム,カトリーヌ・デスプ,9
1446,福島原発の闇,堀江邦夫・水木しげる,10
1447,「フクシマ」論,開沼博,10
1448,鯨と原子炉,ラングトン・ウィナー,10
1449,霊山,高行健（ガオ・シンヂェン）,9
1450,神話から歴史へ,宮本一夫,9
1451,夏王朝,岡村秀典,9
1452,四川と長江文明,古賀登,9
1453,ヤクザと原発,鈴木智彦,10
1454,隠される原子力,小出裕章,10
1455,フクシマ以後,関曠野,10
1456,地球の論点,スチュアート・ブランド,10
1457,脱原子力社会へ,長谷川公一,10
1458,大津波と原発,内田樹・中沢新一・平川克美,10
1459,河北新報のいちばん長い日,河北新報社,10
1460,遺体,石井光太,10
1461,３・１１複合被災,外岡秀俊,10
1462,関揺れる,御中虫,10
1463,ハイチ震災日記,ダニー・ラフェリエール,10
1464,つなみ,文藝春秋８月臨時増刊号,10
1465,春を恨んだりはしない,池澤夏樹,10
1466,美しく愛しき日本,岡野弘彦,10
1467,ウッツ男爵,ブルース・チャトウィン,5
1468,科学者たちのポール・ヴァレリー,ジュディス・ロビンソン・ヴァレリー編,3
1469,ミラーニューロン,ジャコモ・リゾラッティ＆コラド・シニガリア,2
1470,大観伝,近藤啓太郎,5
1471,センセイの書斎,内澤旬子,8
1472,「中国模式」の衝撃,近藤大介,7
1473,われ敗れたり,米長邦雄,8
1474,緋文字,ナサニエル・ホーソーン,5
1475,不良少女伝,平山亜佐子,6
1476,シダの扉,盛口満,2
1477,プルーストとイカ,メアリアン・ウルフ,8
1478,ソーシャル・キャピタルの潜在力,稲葉陽二編,4
1479,人文学と電子編集,ルー・バーナード、キャサリン・オキーフ、ジョン・アンスワース,8
1480,異端者シオラン,パトリス・ボロン,3
1481,基地はなぜ沖縄に集中しているのか,ＮＨＫ取材班,7
1482,偶然の科学,ダンカン・ワッツ,1
1483,バベットの晩餐会,イサク・ディーネセン（実はカレン・ブリクセン）,5
1484,サリンとおはぎ,さかはらあつし,7
1485,沈黙の艦隊,かわぐちかいじ,5
1486,本が崩れる,草森紳一,8
1487,生物学的文明論,本川達雄,2
1488,「アラブの春」の正体,重信メイ,7
1489,言志四録,佐藤一斎,3
1490,エロティック・キャピタル,キャサリン・ハキム,4
1491,古代の日本と加耶,田中俊明,6
1492,倍音,中村明一,5
1493,知識の社会史,ピーター・バーク,3
1494,神なるオオカミ,姜戎（ジャン・ロン）,6
1495,ソクラテスと朝食を,ロバート・ロウランド・スミス,3
1496,ソーシャルメディア進化論,武田隆,4
1497,カラヴァッジョ,宮下規久朗,5
1498,お寺の経済学,中島隆信,4
1499,生命の跳躍,ニック・レーン,2
1500,柿本人麻呂,橋本達雄 編,5
1501,皮膚-自我,ディディエ・アンジュー,2
1502,クラブとサロン,守屋毅・笠井潔・中条省平・高橋秀元ほか,6
1503,ピーター･パンとウェンディ,ジェームズ・バリ,5
1504,平謝り,谷川貞治,7
1505,リアリティのダンス,アレハンドロ・ホドロフスキー,5
1506,ヒッグス粒子の謎,浅井祥仁,1
1507,贈与論,マルセル・モース,4
1508,世阿弥の稽古哲学,西平直,5
1509,ユーザーイリュージョン,トール・ノーレットランダーシュ,1
1510,〈弱さ〉と〈抵抗〉の近代国学,石川公彌子,6
1511,百年の誤読,岡野宏文・豊崎由美,8
1512,バガヴァッド･ギーター,-,3
1513,ウェブ文明論,池田純一,7
1514,左官回話,木村謙一・小沼充・久住章・挾土秀平ほか,5
1515,毒と薬のひみつ,齋藤勝裕,1
1516,クール・ルールズ,ディック・パウンテン＆デイヴィッド・ロビンズ,7
1517,プリンシプルのない日本,白洲次郎,6
1518,戦略読書日記,楠木建,4
1519,世界の読解可能性,ハンス・ブルーメンベルク,8
1520,デザインの小さな哲学,ヴィレム・フルッサー,5
1521,源氏と日本国王,岡野友彦,6
1522,それは「うつ」ではない,アラン・ホーウィッツ＆<br />ジェローム・ウェイクフィールド,2
1523,バッハ,ポール・デュ=ブーシェ,5
1524,祈りの心,木下晋,5
1525,５年後､メディアは稼げるか,佐々木紀彦,4
1526,かさねの作法,藤原成一,5
1527,本から引き出された本,マイケル・ディルダ,6
1528,ショッキング・ピンクを生んだ女,エルザ・スキャパレリ,7
1529,港の世界史,高見玄一郎,6
1530,維摩経,長尾雅人訳注,3
1531,用の美,日本民藝館監修,5
1532,一揆の原理,呉座勇一,6
1533,ガルガンチュアとパンタグリュエル,フランソワ・ラブレー,5
1534,ハッカーと画家,ポール・グレアム,1
1535,俳優のノート,山崎努,5
1536,あいだ,木村敏,2
1537,縞のミステリー,竹原あき子,5
1538,塵 ゴミムシダマシ騙,小檜山賢二,2
1539,ビッグの終焉,ニコ・メレ,7
1540,想像力を触発する教育,キエラン・イーガン,3
1541,ラーメンと愛国,速水健朗,7
1542,借りの哲学,ナタリー・サルトゥー＝ラジュ,3
1543,弱いから、好き。,長沢節,5
1544,チンパンジーのなかのヒト,早木仁成,2
1545,もし、日本という国がなかったら,ロジャー・パルバース,7
1546,分裂病と人類,中井久夫,2
1547,ぼくがジョブズに教えたこと,ノーラン・ブッシュネル＆ジーン・ストーン,4
1548,涙のチカラ,坪田一男,2
1549,ヘルタースケルター,岡崎京子,5
1550,人生論ノート,三木清,3
1551,さわり,佐宮圭,5
1552,本は死なない,ジェイソン・マーコスキー,8
1553,「おネエことば」論,クレア・マリィ,7
1554,青い狐,マルセル・グリオール＆ジュルメーヌ・ディテルラン,6
1555,パタン・ランゲージ,クリストファー・アレグザンダー,5
1556,和食の知られざる世界,辻芳樹,7
1557,寒山拾得,久須本文雄,5
1558,シェルタリング・スカイ,ポール・ボウルズ,5
1559,アジールの日本史,夏目琢史,6
1560,申し訳ない、御社をつぶしたのは私です。,カレン・フェラン,4
1561,棟梁,小川三夫,5
1562,排泄物と文明,デイビッド・ウォルトナー=テーブズ,7
1563,関西と関東,宮本又次,7
1564,エモーショナル・デザイン,ドナルド・Ａ・ノーマン,1
1565,マティスを追いかけて,ジェームズ・モーガン,5
1566,アブダクション,米盛裕二,3
1567,孟子,孟子,3
1568,セラフィタ,オノレ・ド・バルザック,5
1569,源氏物語,紫式部,5
1570,源氏物語,紫式部,5
1571,源氏物語,紫式部,5
1572,2000年間で最大の発明は何か,ジョン・ブロックマン編,8
1573,其角と芭蕉と,今泉準一,5
1574,共感の時代へ,フランス・ドゥ・ヴァール,2
1575,ページと力,鈴木一誌,8
1576,寅さんとイエス,米田彰男,3
1577,インターネットを生命化する プロクロニズムの思想と実践,ドミニク・チェン,1
1578,イスラム国,ロレッタ・ナポリオーニ,7
1579,ピアノを弾く哲学者,フランソワ・ヌーデルマン,5
1580,水族館の歴史,ベアント・ブルンナー,2
1581,神道とは何か,伊藤聡,6
1582,アカマイ,小川晃通,4
1583,ユーミンの罪／オリーブの罠,酒井順子,7
1584,絶対に行けない世界の非公開区域９９,ダニエル・スミス,7
1585,しどろもどろ,岡本喜八対談集,5
1586,ネット・バカ／オートメーション・バカ,ニコラス・Ｇ・カー,8
1587,衣裳術,北村道子,7
1588,琉球の時代,高良倉吉,6
1589,書店の棚  本の気配,佐野衛,8
1590,魔術の帝国,ロバート・エヴァンズ,6
1591,エンディミオン,ジョン・キーツ,5
1592,不確実性の数学,モーリス・クライン,1
1593,トラウマの発見,森茂起,2
1594,わたしの土地から大地へ,セバスチャン・サルガド＋イザベル・フランク,5
1595,ソウルダスト,ニコラス・ハンフリー,2
1596,死ぬまで編集者気分,小林祥一郎,8
1597,虚子五句集,高浜虚子,5
1598,不思議の国のアリス　鏡の国のアリス,ルイス・キャロル,5
1599,枕詞論,近藤信義,8
1600,ニーベルングの指環,リヒャルト・ワーグナー,5
1601,ビッグデータを開拓せよ,坂内正夫監修,1
1602,人工知能,ジェイムズ・バラット,1
1603,人工知能は人間を超えるか,松尾豊,1
1604,勝手に選別される世界,マイケル・ファーティック＋デビッド・トンプソン,7
1605,インターネットはいかに知の秩序を変えるか？,デビッド・ワインバーガー,8
1606,心と脳,安西祐一郎,1
1607,鐡斎大成,富岡鉄斎,5
1608,タネが危ない,野口勲,2
1609,欲望の植物誌,マイケル・ポーラン,2
1610,肥満と飢餓,ラジ・パテル,7
1611,農と言える日本人,野中昌法,7
1612,つぼみたちの生涯／ふしぎの植物学／雑草のはなし／都会の花と木／植物はすごい,田中修,2
1613,植物は〈知性〉をもっている,ステファノ・マンクーゾ＆アレッサンドラ・ヴィオラ,2
1614,苔とあるく,田中美穂,2
1615,生命と地球の歴史,丸山茂徳・磯崎行雄,1
1616,生命記号論,ジェスパー・ホフマイヤー,3
1617,生命と複雑系,田中博,3
1618,自己創出する生命・ゲノムが語る生命,中村桂子,3
1619,遺伝子図鑑,国立遺伝学研究所,2
1620,やわらかな遺伝子,マット・リドレー,2
1621,遺伝的乗っ取り,Ａ・Ｇ・ケアンズ=スミス,1
1622,微生物が地球をつくった,ポール・Ｇ・フォーコウスキー,2
1623,見えない巨人―微生物,別府輝彦,2
1624,南方熊楠全集,南方熊楠,3
1625,夜中の電話,井上麻矢,7
1626,ジョゼフ・コーネル,デボラ・ソロモン,5
1627,数寄語り,潮田洋一郎,5
1628,行為と妄想,梅棹忠夫,6
1629,肺の話,木田厚瑞,2
1630,エルサレム,アモス・エロン,6
1631,マシュマロ・テスト,ウォルター・ミシェル,4
1632,それでも、読書をやめない理由,デヴィッド・Ｌ・ユーリン,8
1633,琵琶法師,兵藤裕己,6
1634,春は鉄までが匂った,小関智弘,7
1635,クリエイティブ・コーチング,ジェリー・リンチ,3
1636,文字の食卓,正木香子,5
1637,生物はなぜ誕生したのか,ピーター・ウォード＆ジョゼフ・カーシュヴィンク,2
1638,アメリカの反知性主義,リチャード・ホーフスタッター,3
1639,戸井田道三の本　こころ・かたち・みぶり・まなざし,戸井田道三,5
1640,君の膵臓を食べたい,住野よる,5
1641,人間の経済,宇沢弘文,4
1642,類似と思考,鈴木宏昭,3
1643,菊とポケモン,アン・アリスン,7
1644,デザインの骨格,山中俊治,5
1645,インド哲学 七つの難問,宮元啓一,3
1646,人間はガジェットではない,ジャロン・ラニアー,3
1647,ロストゼネレーション,シリーズ20世紀の記憶,7
1648,模型のメディア論,松井広志,3
1649,バイオ・キャピタル,カウシック・スンター・ラジャン,4
1650,ピカソ,マリ＝ロール・ベルナダック＆ポール・デュブーシェ,5
1651,日本の夜の公共圏,谷口功一／スナック研究会,7
1652,ポピュリズムとは何か,ヤン＝ヴェルナー・ミュラー,7
1653,江戸の思想史,田尻祐一郎,6
1654,〆切本（１・２）,左右社編集部編,8
1655,感染症の世界史,石弘之,7
1656,評伝ヨーゼフ・ボイス,ハイナー・シュタッヘルハウス,5
1657,物のかたちをした知識,デービス・ベアード,1
1658,サイバネティクス全史,トマス・リッド,1
1659,キャンティ物語,野地秩嘉,3
1660,知のトップランナー149人の美しいセオリ-,エッジ／ブロックマン,3
1661,江戸の読書会,前田勉,8
1662,ロボティクス,ジェームズ・サクラ・アルバス,1
1663,ロボットの歴史を作った ロボット１００,アナ・マトロニック,7
1664,柳子新論,山県大弐,6
1665,ブルックスの知能ロボット論,ロドニー・ブルックス,1
1666,倚りかからず,茨木のり子,5
1667,宗教を生みだす本能,ニコラス・ウェイド,3
1668,人類20万年  遥かなる旅路,アリス・ロバーツ,6
1669,おさなごころを科学する,森口佑介,2
1670,国語入試問題必勝法,清水義範,8
1671,あらゆる小説は模倣である。,清水良典,8
1672,心の先史時代,スティーヴン・ミズン,3
1673,ビフテキと茶碗蒸し,松山幸雄,7
1674,木を見る西洋人  森を見る東洋人,リチャード・Ｅ・ニスベット,7
